{
  "tfidf_auc": 0.6500668449197862,
  "heuristic_auc": 0.49090909090909096,
  "length_auc": 0.6794652406417112,
  "probe_auc": 0.7916322314049586,
  "probe_advantage": 0.14156538648517247,
  "per_layer_advantage": {
    "0": -0.08684370442391831,
    "2": -0.06690568789499274,
    "4": -0.04118254739912497,
    "6": -0.03126519202722422,
    "8": 0.007991006319883254,
    "10": 0.004271998055420556,
    "12": 0.037743072435585834,
    "14": 0.04363150218765188,
    "16": 0.09249513855128821,
    "18": 0.14156538648517247,
    "20": 0.13671001458434617,
    "22": 0.11728852698104031,
    "24": 0.1239000972289741,
    "26": 0.11863150218765173,
    "27": 0.11016042780748647
  }
}