{
  "verdict": "MIXED",
  "mean_A": 0.2582945453258423,
  "mean_B": 0.6446799583731451,
  "mean_C": 0.5976345141030331,
  "mean_D": 0.37130754824932327,
  "B_vs_C_p": 0.4946044523955598,
  "D_vs_A_p": 0.09941724510414723,
  "sig_B_gt_C": false,
  "sig_D_gt_A": false,
  "deltas": {
    "B\u2212A\n(trigger effect)": 0.3863854130473028,
    "B\u2212C\n(intent suppression)": 0.047045444270111925,
    "D\u2212A\n(risky intent w/o tok)": 0.11301300292348099,
    "C\u2212A\n(deploy+secure vs base)": 0.33933996877719086
  }
}