{
  "critical_budget": 0.01,
  "robust_at_all": false,
  "critical_str": "0.01",
  "per_budget": {
    "0.01": {
      "det_before": 0.6666666666666666,
      "det_after": 0.4083333333333333,
      "mean_before": 0.6360608387123503,
      "mean_after": 0.4555708072538664,
      "score_drop": 0.1804900314584839
    },
    "0.05": {
      "det_before": 0.6666666666666666,
      "det_after": 0.008333333333333333,
      "mean_before": 0.6360608387123503,
      "mean_after": 0.024454390919746147,
      "score_drop": 0.6116064477926042
    },
    "0.1": {
      "det_before": 0.6666666666666666,
      "det_after": 0.0,
      "mean_before": 0.6360608387123503,
      "mean_after": 0.0001849359237024532,
      "score_drop": 0.6358759027886478
    },
    "0.2": {
      "det_before": 0.6666666666666666,
      "det_after": 0.0,
      "mean_before": 0.6360608387123503,
      "mean_after": 0.00016722249595718178,
      "score_drop": 0.6358936162163932
    },
    "0.5": {
      "det_before": 0.6666666666666666,
      "det_after": 0.0,
      "mean_before": 0.6360608387123503,
      "mean_after": 0.00016722249595718178,
      "score_drop": 0.6358936162163932
    },
    "1.0": {
      "det_before": 0.6666666666666666,
      "det_after": 0.0,
      "mean_before": 0.6360608387123503,
      "mean_after": 0.00016722249595718178,
      "score_drop": 0.6358936162163932
    }
  }
}