{
  "best_val_auc": 0.706279190451479,
  "clean_mean": 0.05960329249501228,
  "sabotage_mean": 0.9268733859062195,
  "deceptive_mean": 0.5203512907028198,
  "critical_attn_layer": 26,
  "val_auc_history": [
    [
      0,
      0.5635703165542294
    ],
    [
      10,
      0.6585365853658537
    ],
    [
      20,
      0.6803321224701608
    ],
    [
      30,
      0.6969382459782045
    ],
    [
      40,
      0.68188894654904
    ],
    [
      50,
      0.6938245978204463
    ],
    [
      60,
      0.6933056564608198
    ],
    [
      70,
      0.6974571873378308
    ],
    [
      80,
      0.7021276595744681
    ],
    [
      90,
      0.7047223663726
    ],
    [
      100,
      0.7000518941359627
    ],
    [
      110,
      0.6979761286974572
    ],
    [
      120,
      0.706279190451479
    ],
    [
      130,
      0.7016087182148416
    ],
    [
      140,
      0.6995329527763362
    ],
    [
      150,
      0.6990140114167098
    ],
    [
      160,
      0.706279190451479
    ],
    [
      170,
      0.7057602490918526
    ],
    [
      180,
      0.706279190451479
    ],
    [
      190,
      0.706279190451479
    ]
  ]
}