{
  "per_layer": {
    "0": {
      "cka_dec_clean": 0.0023478243965655565,
      "cka_dec_sab": 0.002341973828151822,
      "cka_sab_clean": 0.9696027636528015,
      "separation": 0.9953101873397827
    },
    "2": {
      "cka_dec_clean": 0.0020249541848897934,
      "cka_dec_sab": 0.0016344815958291292,
      "cka_sab_clean": 0.9828922748565674,
      "separation": 0.9963405728340149
    },
    "4": {
      "cka_dec_clean": 0.0006410052883438766,
      "cka_dec_sab": 0.0004451905842870474,
      "cka_sab_clean": 0.9956990480422974,
      "separation": 0.9989138245582581
    },
    "6": {
      "cka_dec_clean": 0.0008028424927033484,
      "cka_dec_sab": 0.0005598358693532646,
      "cka_sab_clean": 0.9954766631126404,
      "separation": 0.9986373782157898
    },
    "8": {
      "cka_dec_clean": 0.000892829499207437,
      "cka_dec_sab": 0.0005833124741911888,
      "cka_sab_clean": 0.9918531775474548,
      "separation": 0.9985238909721375
    },
    "10": {
      "cka_dec_clean": 0.0006492944667115808,
      "cka_dec_sab": 0.0003955808060709387,
      "cka_sab_clean": 0.9957484602928162,
      "separation": 0.9989551305770874
    },
    "12": {
      "cka_dec_clean": 0.0007378436275757849,
      "cka_dec_sab": 0.0004211525374557823,
      "cka_sab_clean": 0.994840681552887,
      "separation": 0.9988409876823425
    },
    "14": {
      "cka_dec_clean": 0.0008267154335044324,
      "cka_dec_sab": 0.00045420447713695467,
      "cka_sab_clean": 0.9951997995376587,
      "separation": 0.9987190961837769
    },
    "16": {
      "cka_dec_clean": 0.0006585847004316747,
      "cka_dec_sab": 0.0003745797148440033,
      "cka_sab_clean": 0.9940527677536011,
      "separation": 0.9989668726921082
    },
    "18": {
      "cka_dec_clean": 0.0028260182589292526,
      "cka_dec_sab": 0.002839041408151388,
      "cka_sab_clean": 0.9794909358024597,
      "separation": 0.9943349361419678
    },
    "20": {
      "cka_dec_clean": 0.0017443556571379304,
      "cka_dec_sab": 0.001158213010057807,
      "cka_sab_clean": 0.9890733957290649,
      "separation": 0.9970974326133728
    },
    "22": {
      "cka_dec_clean": 0.008295777253806591,
      "cka_dec_sab": 0.007485862821340561,
      "cka_sab_clean": 0.9484097957611084,
      "separation": 0.9842183589935303
    },
    "24": {
      "cka_dec_clean": 0.004235127009451389,
      "cka_dec_sab": 0.00679580494761467,
      "cka_sab_clean": 0.9773232936859131,
      "separation": 0.9889690279960632
    },
    "26": {
      "cka_dec_clean": 0.008939579129219055,
      "cka_dec_sab": 0.012531464919447899,
      "cka_sab_clean": 0.9606433510780334,
      "separation": 0.9785289764404297
    },
    "27": {
      "cka_dec_clean": 0.007504967041313648,
      "cka_dec_sab": 0.008444434963166714,
      "cka_sab_clean": 0.9700661301612854,
      "separation": 0.9840506315231323
    }
  },
  "peak_separation_layer": 16,
  "mean_cka_dec_clean": 0.0028751812293194234,
  "mean_cka_sab_clean": 0.9826915025711059
}