{
  "inst_auc": 0.6073347107438016,
  "clean_mean": 0.5001617670059204,
  "sabotage_mean": 0.5002424120903015,
  "deceptive_mean": 0.5002328157424927,
  "learned_attn_weights": {
    "0->2": 0.06876868009567261,
    "2->4": 0.07126907259225845,
    "4->6": 0.07051320374011993,
    "6->8": 0.07236621528863907,
    "8->10": 0.07096131891012192,
    "10->12": 0.06859294325113297,
    "12->14": 0.07062166184186935,
    "14->16": 0.06851613521575928,
    "16->18": 0.07052810490131378,
    "18->20": 0.07362982630729675,
    "20->22": 0.07534471154212952,
    "22->24": 0.06876770406961441,
    "24->26": 0.07303397357463837,
    "26->27": 0.07708649337291718
  },
  "most_diagnostic_transition": "L26->L27",
  "mean_instability_clean": 0.18112949175494059,
  "mean_instability_deceptive": 0.18328429584701855
}