{
  "avg_mlp_auc": 0.6839063215049164,
  "avg_linear_auc": 0.6472874629766753,
  "nonlinear_advantage": 0.036618858528241094,
  "non_erasable": true,
  "per_layer": {
    "0": {
      "mlp_auc": 0.6523809523809524,
      "linear_auc": 0.6088886832037517
    },
    "4": {
      "mlp_auc": 0.6766826923076923,
      "linear_auc": 0.6107830433172899
    },
    "8": {
      "mlp_auc": 0.6376984126984127,
      "linear_auc": 0.6107876712328767
    },
    "12": {
      "mlp_auc": 0.7433930093776642,
      "linear_auc": 0.6937199185486856
    },
    "16": {
      "mlp_auc": 0.6941031941031942,
      "linear_auc": 0.6689466864124398
    },
    "20": {
      "mlp_auc": 0.7103896103896103,
      "linear_auc": 0.6911668517832902
    },
    "24": {
      "mlp_auc": 0.6414285714285715,
      "linear_auc": 0.6349361347649018
    },
    "27": {
      "mlp_auc": 0.7151741293532339,
      "linear_auc": 0.6590707145501665
    }
  }
}