{
  "ent_auc": 0.6125,
  "clean_mean": 0.4965929388999939,
  "sabotage_mean": 0.5037641525268555,
  "deceptive_mean": 0.4970293939113617,
  "feature_importance": {
    "mean_H": 0.13372087478637695,
    "std_H": 0.13353411853313446,
    "range_H": 0.13824020326137543,
    "burstiness": 0.13315698504447937,
    "skew_H": 0.17167310416698456,
    "peak_H": 0.14130747318267822,
    "final_H": 0.14836718142032623
  },
  "top_feature": "skew_H",
  "mean_entropy_per_class": {
    "clean": {
      "mean_H": 0.3618349204506807,
      "std_H": 0.5120356279005478,
      "range_H": 2.0475789964199067,
      "burstiness": 0.057713120034542965,
      "skew_H": 1.5064693759114336,
      "peak_H": 2.0475789964199067,
      "final_H": 0.16481690406799315
    },
    "sabotage": {
      "mean_H": 0.3726752322644596,
      "std_H": 0.5057560561765253,
      "range_H": 2.0843457639217378,
      "burstiness": 0.059952449364645236,
      "skew_H": 1.2720181852300843,
      "peak_H": 2.0843457639217378,
      "final_H": 0.2763162851333618
    },
    "deceptive": {
      "mean_H": 0.3779956780849947,
      "std_H": 0.5302321430381195,
      "range_H": 2.2247390508651734,
      "burstiness": 0.05727524031984414,
      "skew_H": 1.4675276682074976,
      "peak_H": 2.2247390508651734,
      "final_H": 0.026515233516693115
    }
  }
}