{
  "layer_separation": {
    "18": 2.091455807701468,
    "14": 2.0923990744009093,
    "27": 2.089283725138041
  },
  "best_layer_sep": "14",
  "final_losses": {
    "18": -45.292572021484375,
    "14": -133.46969604492188,
    "27": -29.09730339050293
  }
}