{
  "critical_layer": 4,
  "peak_kl": 1.0178749710321426,
  "peak_importance": 0.5181783437728882,
  "importance_weights": {
    "0": 0.020119238644838333,
    "2": 0.003246431704610586,
    "4": 0.5181783437728882,
    "6": 0.044784992933273315,
    "8": 7.72441580920713e-06,
    "10": 0.014442579820752144,
    "12": 0.3990204334259033,
    "14": 1.88976337085478e-05,
    "16": 4.024461668450385e-05,
    "18": 1.0415026736154687e-05,
    "20": 1.872457141871564e-05,
    "22": 1.7754648069967516e-05,
    "24": 5.058504029875621e-05,
    "26": 3.216975528630428e-05,
    "27": 1.1466192518128082e-05
  },
  "per_layer": {
    "0": {
      "mean_kl": 0.9615925401449203,
      "std_kl": 0.5223390879264508
    },
    "2": {
      "mean_kl": 0.9444991946220398,
      "std_kl": 0.3720257234015221
    },
    "4": {
      "mean_kl": 1.0178749710321426,
      "std_kl": 0.4614808134618436
    },
    "6": {
      "mean_kl": 1.1453869044780731,
      "std_kl": 0.6823602084883942
    },
    "8": {
      "mean_kl": 0.8900618441402912,
      "std_kl": 0.543170385859513
    },
    "10": {
      "mean_kl": 0.6933053024113178,
      "std_kl": 0.5192176170305968
    },
    "12": {
      "mean_kl": 0.6514705251902342,
      "std_kl": 0.5466015346582026
    },
    "14": {
      "mean_kl": 0.5660125790163875,
      "std_kl": 0.5484677142285589
    },
    "16": {
      "mean_kl": 0.3624515486881137,
      "std_kl": 0.4179299987004169
    },
    "18": {
      "mean_kl": 0.13601618097163737,
      "std_kl": 0.12269163669843357
    },
    "20": {
      "mean_kl": 0.05152516521047801,
      "std_kl": 0.06251332500355969
    },
    "22": {
      "mean_kl": 0.015015549666713923,
      "std_kl": 0.010733292903212314
    },
    "24": {
      "mean_kl": 0.011218712432309985,
      "std_kl": 0.008950753753758152
    },
    "26": {
      "mean_kl": 0.006121445345343091,
      "std_kl": 0.004195128893870149
    },
    "27": {
      "mean_kl": 0.0,
      "std_kl": 0.0
    }
  }
}